CYGINT_IO_SERIAL_TERMIOS_TERMIOS_TTY, Number
CYGPKG_CRC, Bool
CYGIMP_WATCHDOG_NONE, Bool
CYGNUM_HAL_I386_PC_MEMSIZE_BASE, String
CYGSEM_FILEIO_INFO_DISK_USAGE, Bool
CYGSEM_IO_SERIAL_TERMIOS_USE_SIGNALS, Bool
CYGNUM_VNC_SERVER_PIXEL_RGB332, Bool
CYGNUM_HAL_VIRTUAL_VECTOR_DEBUG_CHANNEL, Number
CYGNUM_IO_SERIAL_I386_PC_SERIAL0_BUFSIZE, Number
CYGBLD_ISO_STDLIB_STRCONV_HEADER, String
CYGSEM_COMPRESS_ZLIB_NEEDS_MALLOC, Bool
CYGDBG_KERNEL_INSTRUMENT_USER, Bool
CYGNUM_KERNEL_THREADS_DATA_POSIX, Number
CYGDBG_KERNEL_INSTRUMENT_SMP, Bool
CYGPKG_NET_FTPCLIENT_CFLAGS_REMOVE, String
CYGPKG_IO_FLASH_BLOCK_DEVICE, Bool
CYGPKG_ISOINFRA_CFLAGS_ADD, String
CYGSEM_HAL_VIRTUAL_VECTOR_DIAG, Bool
CYGSEM_MEMALLOC_INVOKE_OUT_OF_MEMORY, Bool
CYGPKG_IO_SERIAL_CFLAGS_REMOVE, String
CYGBLD_ISO_PTHREAD_MUTEX_HEADER, String
CYGPKG_POSIX_SEMAPHORES, Bool
CYGPKG_LIBC_I18N, Bool
CYGIMP_WALLCLOCK_NONE, Bool
CYGFUN_COMPRESS_ZLIB_GZIO, Bool
CYGPKG_IO_FILEIO_TRACK_CWD, Bool
CYGPKG_NET_DHCP, Bool
CYGOPT_NET_FREEBSD_STACK_ACCEPT_UNICAST, Bool
CYGPKG_ERROR_ERRNO, Bool
CYGNUM_HTTPD_THREAD_STACK_SIZE, String
CYGPKG_COMPRESS_ZLIB_OPTIONS, Bool
CYGPKG_POSIX_PTHREAD_MUTEX, Bool
CYGPKG_COMPRESS_ZLIB_LDFLAGS_REMOVE, String
CYGPKG_IO_WALLCLOCK, Bool
CYGPKG_NET_TFTPD_THREAD_PRIORITY, String
CYGSEM_LIBC_STARTUP_MAIN_THREAD, Bool
CYGPKG_IO_SERIAL_DEVICES, Bool
CYGPKG_HAL_SMP_SUPPORT, Bool
CYGBLD_ISO_STRING_STRFUNCS_HEADER, String
CYGSEM_HAL_VIRTUAL_VECTOR_INIT_WHOLE_TABLE, Bool
CYGHWR_IO_FLASH_DEVICE_LEGACY, Number
CYGINT_ISO_STDLIB_STRCONV_FLOAT, Number
CYGPKG_FS_FAT, Bool
CYGBLD_IO_SERIAL_EXTRA_TESTS, Bool
CYGIMP_LIBC_TIME_CTIME_INLINE, Bool
CYGINT_ISO_STRING_LOCALE_FUNCS, Number
CYGPKG_WATCHDOG_EMULATE, Bool
CYGNUM_UITRON_STACK_SIZE, Number
CYGINT_ISO_TZSET, Number
CYGHWR_NET_DRIVER_ETH1, Bool
CYGPKG_FS_RAM_BLOCKS_ARRAY_NAME, String
CYGPKG_NET_TFTP, Bool
CYGPKG_FS_JFFS2_CFLAGS_REMOVE, String
CYGPKG_IO_PCI_CFLAGS_REMOVE, String
CYGINT_ISO_POSIX_TIMER_TYPES, Number
CYGSEM_KERNEL_SCHED_ASR_GLOBAL, Bool
CYGNUM_LIBC_MAIN_DEFAULT_STACK_SIZE, Number
CYGINT_ISO_STRING_MEMFUNCS, Number
CYGDAT_DEVS_ETH_I386_PC_LANCEPCI_ETH0_ESA, String
CYGPKG_ISO_LIMITS, Bool
CYGINT_ISO_SIGSETJMP, Number
CYGSYM_LIBM_NO_XOPEN_SVID_NAMESPACE_POLLUTION, Bool
CYGFUN_KERNEL_THREADS_STACK_CHECKING, Bool
CYGPKG_NS_DNS_TESTS_ELSIS, Bool
CYGPKG_FS_JFFS2, Bool
CYGBLD_ISO_MQUEUE_HEADER, String
CYGPKG_LIBC_TIME_TESTS, String
CYGNUM_JFFS2_GS_THREAD_TICKS, String
CYGPKG_NET_FTPCLIENT_OPTIONS, Bool
CYGDAT_IO_SERIAL_I386_PC_SERIAL0_NAME, String
CYGFUN_LIBC_TIME_SUS_EXTNS, Bool
CYGVAR_KERNEL_COUNTERS_CLOCK_DSR_LATENCY, Bool
CYGDBG_HAL_DEBUG_GDB_THREAD_SUPPORT, Bool
CYGDBG_INFRA_DEBUG_PRECONDITIONS, Bool
CYGPKG_NET_MBUFS_SIZE, String
CYGNUM_POWER_THREAD_STACKSIZE, String
CYGPKG_HAL_GDB_FILEIO, Bool
CYGINT_HAL_PLF_IF_IDE, Number
CYGPKG_ISO_MQUEUE, Bool
CYGPKG_NET_FREEBSD_SYSCTL, Bool
CYGDAT_LIBC_STDIO_DEFAULT_CONSOLE, String
CYGPKG_IO_ETH_DRIVERS_CFLAGS_ADD, String
CYGSEM_HAL_VIRTUAL_VECTOR_CLAIM_DELAY_US, Bool
CYGINT_IO_FLASH_BLOCK_CFG_1, Number
CYGPKG_IO_ETH_DRIVERS_NET, Bool
CYGHWR_MEMORY_LAYOUT, String
CYGPKG_UITRON_VERSION_PRNO, Bool
CYGSEM_ERROR_PER_THREAD_ERRNO, Bool
CYGBLD_ISO_SIGNAL_NUMBERS_HEADER, String
CYGPKG_MEMALLOC_CFLAGS_ADD, String
CYGSEM_LIBC_STDIO_DYNAMIC_SETVBUF, Bool
CYGPKG_PPP_TESTS_AUTOMATE, Bool
CYGPKG_NET_FREEBSD_IPSEC6, Bool
CYGBLD_ISO_LOCALE_HEADER, String
CYGPKG_POSIX_SIGNALS, Bool
CYGPKG_NET_RANDOM_PORTS, Bool
CYGDBG_HAL_DEBUG_GDB_CTRLC_SUPPORT, Bool
CYGPKG_PPP_AUTH_DEFAULT_PASSWD, String
_POSIX_THREAD_ATTR_STACKADDR, Bool
CYGPKG_POSIX_TIMERS, Bool
CYGINT_HAL_DEBUG_GDB_CTRLC_UNSUPPORTED, Number
CYGPKG_KERNEL_SYNCH, Bool
CYGDBG_HAL_DIAG_TO_DEBUG_CHAN, Bool
CYGPKG_CPULOAD_TESTS, String
CYGBLD_HAL_LINKER_GROUPED_LIBS_DEFAULT, String
CYGNUM_IO_ETH_DRIVERS_SG_LIST_SIZE, String
_POSIX_THREAD_ATTR_STACKSIZE, Bool
CYGPKG_IO_SERIAL_TESTS, String
CYGBLD_ISO_STDLIB_MB_CUR_MAX_HEADER, String
CYGDBG_INFRA_DEBUG_TRACE_BUFFER_PRINT, Bool
CYGINT_IO_ETH_INT_SUPPORT_REQUIRED, Number
CYGBLD_ISO_ERRNO_CODES_HEADER, String
CYGFUN_LIBC_STRING_BSD_FUNCS, Bool
CYGPKG_IO_SERIAL_FLOW_CONTROL, Bool
CYGSEM_LIBC_EXIT_STOPS_SYSTEM, Bool
CYGINT_ISO_SIGNAL_NUMBERS, Number
CYGPKG_POWER_TESTS, String
CYGBLD_ISO_FNMATCH_HEADER, String
CYGIMP_LIBC_STDLIB_INLINE_ATOX, Bool
CYGINT_ISO_STRTOK_R, Number
CYGPKG_IO_DISK, Bool
CYGIMP_LIBC_TIME_GMTIME_INLINE, Bool
CYGBLD_ISO_DLFCN_HEADER, String
CYGBLD_ISO_FCNTL_HEADER, String
CYGNUM_VNC_SERVER_INCLUDE_VNC_PRINTF, Bool
CYGIMP_HAL_COMMON_INTERRUPTS_CHAIN, Bool
CYGNUM_KERNEL_SCHED_BITMAP_SIZE, String
CYGDAT_UITRON_TASK_EXTERNS, String
CYGPKG_LIBM_CFLAGS_REMOVE, String
CYGPKG_LIBC_STDIO_OPEN, Bool
CYGIMP_KERNEL_INTERRUPTS_CHAIN, Bool
CYGNUM_KERNEL_INSTRUMENT_BUFFER_SIZE, Number
CYGPKG_SNMPAGENT_V3_SUPPORT, Bool
CYGPKG_LIBC_TIME_CFLAGS_ADD, String
CYGPKG_POSIX_PTHREAD, Bool
CYGPKG_SNMPLIB_FILESYSTEM_SUPPORT, Bool
CYGINT_ISO_CTYPE, Number
CYGPRI_SER_TEST_SER_DEV, String
CYGINT_HAL_TESTS_NO_CACHES, Number
CYGIMP_INFRA_PREFER_SMALL_TO_FAST_MEMCPY, Bool
CYGNUM_NS_DNS_GETADDRINFO_ADDRESSES, String
CYGHWR_NET_DRIVER_ETH0_SETUP_OPTIONS, Bool
CYGPKG_UITRON_CFLAGS_REMOVE, String
CYGSEM_LIBC_STDIO_SCANF_FLOATING_POINT, Bool
CYGSEM_HAL_ENABLE_ICACHE_ON_STARTUP, Bool
CYGDBG_INFRA_DEBUG_FUNCTION_REPORTS, Bool
CYGBLD_INFRA_CFLAGS_PIPE, Bool
CYGNUM_IO_FLASH_BLOCK_ABSOLUTE_START_1, Number
CYGPKG_FS_RAM_BLOCKS, Bool
CYGINT_ISO_POSIX_CLOCKS, Number
CYGFUN_INFRA_EMPTY_DELETE_FUNCTIONS, Bool
CYGMFN_KERNEL_SYNCH_CONDVAR_TIMED_WAIT, Bool
CYGNUM_NET_DHCP_OPTION_HOST_NAME_LEN, Number
CYGOPT_IO_SERIAL_SUPPORT_NONBLOCKING, Bool
CYGPKG_IO_WATCHDOG_OPTIONS, Bool
CYGMFN_KERNEL_SYNCH_MBOXT_PUT_CAN_WAIT, Bool
CYGPKG_ISO_SELECT, Bool
CYGNUM_VNC_SERVER_PORT, String
CYGBLD_ISO_NAME_MAX_HEADER, String
CYGSEM_UITRON_ISRFUNCS_TRY_IMMEDIATE_EXECUTION, Bool
CYGDAT_UITRON_TASK_INITIALIZERS, String
CYGNUM_PPP_CHAT_STRING_LENGTH, Number
CYGPKG_DEVS_ETH_I386_PC_LANCEPCI, Bool
CYGPKG_ISOINFRA_CFLAGS_REMOVE, String
CYGNUM_NET_THREAD_STACKSIZE, String
CYGIMP_INFRA_PREFER_SMALL_TO_FAST_MEMSET, Bool
CYGPKG_MEMALLOC_MALLOC_ALLOCATORS, Bool
CYGPKG_IO_WALLCLOCK_IMPLEMENTATION, Bool
CYGHWR_NET_DRIVER_ETH1_ADDRS_SERVER, String
CYGHWR_NET_DRIVER_ETH0_ADDRS_BROADCAST, String
CYGNUM_HAL_I386_PC_STARTUP_VIDEO_MODE, String
CYGBLD_ISO_UTSNAME_HEADER, String
CYGBLD_ISO_STAT_DEFS_HEADER, String
CYGBLD_ISO_STDIO_FILEPOS_HEADER, String
CYGPKG_NET_SNTP_TESTS, String
CYGBLD_ISO_DIRENT_HEADER, String
CYGIMP_LIBC_TIME_CTIME_R_INLINE, Bool
CYGDBG_KERNEL_DEBUG_GDB_THREAD_SUPPORT, Bool
CYGPKG_MEMALLOC_OPTIONS, Bool
CYGBLD_ISO_SIGNAL_IMPL_HEADER, String
CYGSEM_LIBC_STDIO_PRINTF_FLOATING_POINT, Bool
CYGPKG_IO_ETH_DRIVERS_SIMULATED_FAILURES, Bool
CYGOPT_FS_JFFS2_WRITE, Bool
CYGPKG_DEVICES_WALLCLOCK_DALLAS_DS12887, Bool
CYGNUM_LIBC_ATEXIT_HANDLERS, Number
CYGINT_KERNEL_SCHEDULER_UNIQUE_PRIORITIES, Number
CYGDBG_IO_ETH_DRIVERS_DEBUG, Bool
CYGINT_ISO_RAND, Number
CYGNUM_NET_DHCP_MIN_RETRY_TIME, Number
CYGNUM_HAL_VIRTUAL_VECTOR_CONSOLE_CHANNEL, Number
CYGPKG_ISO_STRING, Bool
CYGHWR_MEMORY_LAYOUT_H, String
CYGNUM_VNC_SERVER_PIXEL_RGB565, Bool
CYGSEM_HAL_COMMON_INTERRUPTS_ALLOW_NESTING, Bool
CYGNUM_FILEIO_FSTAB_MAX, Number
CYGPKG_UITRON_MEMPOOLFIXED_CREATE_DELETE, Bool
CYGBLD_ISO_STRUCTTIMEVAL_HEADER, String
CYGNUM_KERNEL_COUNTERS_RTC_PERIOD, String
CYGDAT_IO_SERIAL_TTY_TTY0_DEV, String
CYGHWR_IO_FLASH_BLOCK_LOCKING, Number
CYGFUN_LIBC_ATEXIT, Bool
CYGOPT_FS_JFFS2_COMPRESS_ZLIB, Bool
CYGPKG_IO_FILEIO_DEVFS_SUPPORT, Bool
CYGOPT_FS_JFFS2_COMPRESS, Bool
CYGDAT_UITRON_MEMPOOLVAR_EXTERNS, String
CYGBLD_FS_ROMFS_MK_ROMFS, Bool
CYGFUN_INFRA_DUMMY_STRLEN, Bool
CYGIMP_KERNEL_COUNTERS_SORT_LIST, Bool
CYGNUM_UITRON_ALARMS, Number
CYGPKG_IO_SERIAL_TERMIOS_TERMIOS1, Bool
CYGIMP_KERNEL_SYNCH_MQUEUE_NOT_INLINE, Bool
CYGPKG_NET_BUILD_TESTS, Bool
CYGPKG_NET_SNTP_OPTIONS, Bool
CYGPKG_UITRON_MEMPOOLVAR, Bool
CYGSEM_KERNEL_SCHED_TIMESLICE, Bool
CYGPKG_MEMALLOC_ALLOCATOR_SEPMETA, Bool
CYGPKG_INFRA_STARTUP, Bool
CYGBLD_ISO_POSIX_LIMITS_HEADER, String
CYGDBG_KERNEL_INSTRUMENT_BINSEM, Bool
CYGDAT_NS_DNS_DOMAINNAME_NAME, String
CYGPKG_POWER_THREAD, Bool
CYGNUM_RAMFS_BLOCKS_INDIRECT1, Number
CYGDBG_KERNEL_INSTRUMENT_BUFFER_WRAP, Bool
CYGSEM_KERNEL_SCHED_ASR_DATA_GLOBAL, Bool
CYGPKG_ISO_STARTUP, Bool
CYGPKG_IO_SERIAL_GENERIC_16X5X_FIFO_RX_THRESHOLD, Number
CYGPKG_NET_FTPCLIENT_CFLAGS_ADD, String
CYGINT_ISO_QSORT, Number
CYGPKG_NET_NUM_WAKEUP_EVENTS, String
CYGPKG_LIBC_STDIO_FLOATING_POINT, Bool
CYGPKG_IO_SERIAL_TTY_TTY3, Bool
CYGNUM_IO_FLASH_BLOCK_CFG_FIS_1, Bool
CYGPKG_NS_DNS_OPTIONS, Bool
CYGPKG_NET_FREEBSD_STACK_CFLAGS_ADD, String
CYGHWR_HAL_I386_PENTIUM, Bool
CYGPKG_NET_IPSEC, Bool
CYGIMP_MEMALLOC_ALLOCATOR_DLMALLOC_THREADAWARE, Bool
CYGINT_ISO_STRERROR, Number
CYGNUM_LIBC_RAND_SEED, Number
CYGDBG_KERNEL_INSTRUMENT_CLOCK, Bool
CYGBLD_ISO_SCHEDTYPES_HEADER, String
CYGNUM_UITRON_MBOXES_INITIALLY, Number
CYGSEM_HAL_VIRTUAL_VECTOR_CLAIM_VERSION, Bool
CYGPKG_PPP_COMPRESSION, Bool
CYGSEM_LIBC_PER_THREAD_RAND, Bool
CYGPKG_ISOINFRA, Bool
CYGPKG_LIBM_THREAD_SAFETY, Bool
CYGIMP_LIBC_STDIO_INLINES, Bool
CYGINT_ISO_SIGNAL_IMPL, Number
CYGBLD_ISO_NETDB_SERV_HEADER, String
CYGPKG_POSIX_PTHREAD_REQUIREMENTS, Bool
CYGBLD_ISO_OPEN_HEADER, String
CYGPKG_UITRON_MEMPOOLFIXED, Bool
CYGINT_ISO_BSEARCH, Number
CYGPKG_HTTPD, Bool
CYGINT_WALLCLOCK_IMPLEMENTATIONS, Number
CYGPKG_FS_RAM_BLOCKS_ARRAY_EXTERN, Bool
CYGINT_IO_SERIAL_TEST_SKIP_19200, Number
CYGBLD_ISO_TZSET_HEADER, String
CYGPKG_LIBC_STARTUP, Bool
CYGNUM_IO_FLASH_BLOCK_CFG_STATIC_1, Bool
CYGINT_LIBC_I18N_MB_REQUIRED, Number
CYGDAT_PPP_TEST_BAUD_RATES, String
CYGPKG_NET_NLOOP, String
CYGINT_HAL_SUPPORTS_MMU_TABLES, Number
CYGFUN_KERNEL_THREADS_STACK_MEASUREMENT, Bool
CYGOPT_NET_DHCP_DHCP_THREAD, Bool
CYGNUM_MEMALLOC_ALLOCATOR_DLMALLOC_ALIGNMENT, Number
CYGPKG_IO_FLASH_CFLAGS_REMOVE, String
CYGFUN_HAL_I386_PCMB_GPROF_SUPPORT, Bool
CYGSEM_HAL_VIRTUAL_VECTOR_SUPPORT, Bool
TMP_MAX, Number
CYGDAT_LIBC_ARGUMENTS, String
CYGPKG_KERNEL_THREADS_DESTRUCTORS, Bool
CYGDAT_IO_SERIAL_FLOW_CONTROL_DEFAULT, String
CYGPKG_IO_ETH_DRIVERS_LWIP, Bool
CYGNUM_VNC_SERVER_PIXEL_TRUECOLOR0888, Bool
CYGNUM_LIBM_X_TLOSS, Number
_POSIX_PRIORITY_SCHEDULING, Bool
CYGBLD_ISO_STDIO_FILEACCESS_HEADER, String
CYGHWR_HAL_I386_FPU_SWITCH_LAZY, Bool
CYGPKG_UITRON_TESTS, String
CYGBLD_ISO_POSIX_CLOCKS_HEADER, String
CYGPKG_LIBC_STDLIB_CFLAGS_ADD, String
CYGINT_ISO_PTHREAD_MUTEX, Number
CYGPKG_SNMPAGENT, Bool
CYGHWR_NET_DRIVER_ETH0_SETUP, Number
CYGNUM_VNC_SERVER_PIXEL_SELECTED, Number
CYGPKG_NS_DNS_TESTS_LUNN, Bool
CYGPKG_NS_DNS_DOMAINNAME, Bool
CYGIMP_LIBC_RAND_SIMPLEST, Bool
CYGPKG_IO_SERIAL_GENERIC_16X5X_XMIT_REQUIRE_PRIME, Bool
CYGPKG_KERNEL_INSTRUMENT, Bool
CYGBLD_ISO_STDLIB_ABS_HEADER, String
CYGIMP_MEMALLOC_MALLOC_VARIABLE_SIMPLE, Bool
CYGPKG_POWER, Bool
CYGBLD_ISO_STRTOK_R_HEADER, String
CYGPKG_IO_PCI_CFLAGS_ADD, String
CYGDAT_DEVS_ETH_I386_PC_LANCEPCI_ETH0_NAME, String
CYGNUM_UITRON_ISR_ACTION_QUEUESIZE, Number
CYGINT_ISO_EXIT, Number
CYGBLD_ISO_ERRNO_HEADER, String
CYGPKG_LIBC_STARTUP_CFLAGS_REMOVE, String
CYGINT_ISO_MALLINFO, Number
CYGIMP_LIBC_STDLIB_INLINE_DIV, Bool
CYGOPT_FS_JFFS2_COMPRESS_RTIME, Bool
CYGPKG_NET_MEM_USAGE, String
CYGFUN_LIBC_I18N_LOCALE_C_SJIS, Bool
CYGDBG_NET_SHOW_MBUFS, Bool
CYGDAT_LIBC_DEFAULT_ENVIRONMENT, String
CYGVAR_KERNEL_COUNTERS_CLOCK, Bool
CYGNUM_KERNEL_COUNTERS_MULTI_LIST_SIZE, Number
CYGPKG_IO_SERIAL_GENERIC_16X5X_CFLAGS_REMOVE, String
CYGPKG_NET_FREEBSD_IPSEC, Bool
CYGPKG_HAL_I386, Bool
CYGVAR_KERNEL_THREADS_LIST, Bool
CYGSEM_IO_ETH_DRIVERS_PASS_PACKETS, Bool
CYGFUN_KERNEL_ALL_THREADS_STACK_CHECKING, Bool
CYGIMP_LIBC_TIME_ASCTIME_R_INLINE, Bool
CYGPKG_LIBC_STRING_OPTIONS, Bool
CYGPKG_NET_INET, Bool
CYGPKG_KERNEL_DEBUG, Bool
CYGBLD_ISO_MEMSET_HEADER, String
CYGBLD_ISO_C_CLOCK_FUNCS_HEADER, String
CYGPKG_IO_SERIAL_TTY_TTY1, Bool
CYGNUM_VNC_SERVER_PRIORITY, Number
CYGINT_KERNEL_SYNCH_MUTEX_PRIORITY_INVERSION_PROTOCOL_COUNT, Number
CYGPKG_LIBC_STRING, Bool
CYGSEM_KERNEL_SYNCH_MUTEX_PRIORITY_INVERSION_PROTOCOL_CEILING, Bool
CYGPKG_FS_ROM, Bool
CYGINT_ISO_C_TIME_TYPES, Number
CYGINT_IO_SERIAL_TEST_SKIP_115200, Number
CYGPKG_POSIX_MAIN_THREAD, Bool
CYGIMP_LIBC_STRING_INLINES, Bool
CYGPKG_KERNEL_EXCEPTIONS, Bool
CYGHWR_HAL_I386_PENTIUM_SSE, Bool
CYGPKG_POSIX_PTHREAD_VALUES, Bool
CYGSEM_KERNEL_SYNCH_MUTEX_PRIORITY_INVERSION_PROTOCOL_DEFAULT, String
CYGPKG_UITRON_ALARMS, Bool
CYGPKG_PPP_OPTIONS, Bool
CYGSEM_SNMPAGENT_TESTS_SNMPv3, Bool
CYGPKG_NS_DNS, Bool
CYGPKG_IO_SERIAL_TTY_TTYDIAG, Bool
CYGNUM_HAL_VIRTUAL_VECTOR_COMM_CHANNELS, Number
CYGDBG_KERNEL_INSTRUMENT_INTR, Bool
CYGPKG_NET_SNTP, Bool
CYGPKG_SNMPLIB_OPTIONS, Bool
CYGSEM_UITRON_PARAMS_NULL_IS_GOOD_PTR, Bool
CYGNUM_HTTPD_SERVER_AUTO_START, Bool
CYGSEM_UITRON_TIME_IS_MILLISECONDS, Bool
CYGPKG_LIBC_STDIO_CFLAGS_REMOVE, String
CYGNUM_HTTPD_THREAD_COUNT, String
CYGNUM_FS_FAT_BLOCK_CACHE_MEMSIZE, Number
CYGDBG_INFRA_DEBUG_FUNCTION_PSEUDOMACRO, Bool
CYGPKG_UITRON_SEMAS_CREATE_DELETE, Bool
CYGPKG_IO_DISK_OPTIONS, Bool
CYGINT_KERNEL_INTERRUPTS_DSRS, Number
CYGBLD_ISO_RAND_HEADER, String
CYGPKG_LIBC_STARTUP_CONTEXT, Bool
CYGIMP_WALLCLOCK_HARDWARE, Bool
CYGPKG_NET_FTPCLIENT, Bool
CYGNUM_KERNEL_THREADS_DATA_KERNEL, Number
CYGPKG_UITRON_TASKS, Bool
CYGHWR_NET_DRIVER_ETH0_MANUAL, Bool
CYGSEM_IO_ETH_DRIVERS_WARN, Bool
CYGPKG_IO_SERIAL_GENERIC_16X5X_OPTIONS, Bool
CYGNUM_FS_RAM_BLOCKS_ARRAY_SIZE, Number
CYGPKG_LIBC_STDIO_TESTS, String
CYGPKG_HAL_TESTS, String
CYGNUM_ISO_MQUEUE_PRIO_MAX, String
CYGNUM_IO_SERIAL_I386_PC_SERIAL0_IOBASE, Number
CYGINT_ISO_STDIO_FILEPOS, Number
CYGSEM_KERNEL_INTERRUPTS_DSRS_LIST_FIFO, Bool
CYGCFG_FS_FAT_USE_ATTRIBUTES, Bool
CYGBLD_ISO_STDIO_CHAR_IO_HEADER, String
CYGNUM_IO_SERIAL_I386_PC_SERIAL1_IOBASE, Number
CYGPKG_ISO_PTHREAD, Bool
CYGBLD_ISO_SIGSETJMP_HEADER, String
BUFSIZ, Number
CYGPKG_LIBC_RAND, Bool
CYGBLD_ISO_POSIX_TIMER_TYPES_HEADER, String
CYGPKG_PPP, Bool
CYGDAT_IO_FLASH_BLOCK_FIS_NAME_1, String
CYGNUM_FILEIO_NSTAB_MAX, Number
CYGDBG_INFRA_DEBUG_POSTCONDITIONS, Bool
CYGPKG_SNMPAGENT_OPTIONS, Bool
CYGSEM_LIBC_EXIT_CALLS_FFLUSH, Bool
CYGNUM_LIBC_MAIN_THREAD_PRIORITY, Number
CYGPKG_PPP_DEFAULT_DIALUP_NUMBER, String
CYGINT_LIBC_STARTUP_CONTEXT, Number
CYGPKG_VNC_SERVER_BUILD_KEYBOARD_DRIVER, Bool
CYGNUM_IO_FLASH_BLOCK_CFG_STATIC_ABSOLUTE_2, Bool
CYGPKG_POSIX_UTSNAME, Bool
CYGPKG_DEVICES_WALLCLOCK_DALLAS_DS12887_CFLAGS_REMOVE, String
CYGSEM_LIBC_STDIO_WANT_BUFFERED_IO, Bool
CYGPKG_KERNEL_COUNTERS, Bool
CYGPKG_ISO_SETJMP, Bool
CYGPKG_IO_WATCHDOG_BUILD_INTERACTIVE_TEST, Bool
CYGDBG_INFRA_DEBUG_TRACE_MESSAGE, Bool
CYGPKG_UITRON_INTERRUPT_FUNCTIONS, Bool
CYGDBG_KERNEL_THREADS_STACK_MEASUREMENT_VERBOSE_EXIT, Bool
CYGHWR_NET_DRIVERS, Number
CYGSEM_KERNEL_SYNCH_MUTEX_PRIORITY_INVERSION_PROTOCOL_DYNAMIC, Bool
CYGBLD_ISO_CTYPE_HEADER, String
CYGNUM_IO_SERIAL_I386_PC_SERIAL0_IRQ, Number
CYGPKG_IO_FLASH_BLOCK_DEVICE_1, Bool
CYGNUM_IO_FLASH_BLOCK_LENGTH_2, String
CYGINT_WALLCLOCK_HW_IMPLEMENTATIONS, Number
CYGNUM_HTTPD_THREAD_PRIORITY, Number
CYGOPT_FS_JFFS2_DEBUG, Number
CYGPKG_ISO_LOCALE, Bool
CYGSEM_LIBC_STRING_PER_THREAD_STRTOK, Bool
CYGPKG_KERNEL_API, Bool
CYGPKG_LIBC_STDLIB_TESTS, String
CYGIMP_UITRON_INLINE_FUNCS, Bool
CYGNUM_UITRON_START_TASKS, Number
CYGSEM_KERNEL_EXCEPTIONS_DECODE, Bool
CYGPKG_NET_SNTP_CFLAGS_ADD, String
CYGPKG_PPP_CHAP, Bool
CYGPKG_IO_SERIAL_HALDIAG, Bool
CYGFUN_INFRA_DUMMY_ABORT, Bool
CYGNUM_LIBC_BSEARCH_TRACE_LEVEL, Number
CYGPKG_NET_FREEBSD_STACK_TESTS, String
CYGINT_ISO_STDIO_STREAMS, Number
CYGHWR_NET_DRIVER_ETH0_ADDRS_NETMASK, String
CYGBLD_ISO_PATH_MAX_HEADER, String
CYGPKG_KERNEL_TESTS, String
CYGINT_ISO_POLL, Number
CYGBLD_ISO_PTHREADTYPES_HEADER, String
CYGBLD_ISO_MALLINFO_HEADER, String
CYGSEM_KERNEL_SCHED_BITMAP, Bool
CYGPKG_LIBC_TIME_OPTIONS, Bool
CYGPKG_INFRA, Bool
CYGSEM_HAL_STATIC_MMU_TABLES, Bool
CYGOPT_FS_JFFS2_COMPRESS_RUBIN, Bool
CYGPKG_LIBC_TIME_INLINES, Bool
CYGPKG_IO_ETH_DRIVERS_STAND_ALONE, Bool
CYGNUM_KERNEL_THREADS_DATA_MAX, Number
CYGBLD_ISO_SETJMP_HEADER, String
CYGINT_ISO_STRING_BSD_FUNCS, Number
CYGPKG_NET_CFLAGS_ADD, String
CYGHWR_HAL_I386_FPU, Bool
CYGNUM_HTTPD_SERVER_PORT, String
CYGPKG_ISO_SCHED, Bool
CYGNUM_UITRON_MEMPOOLFIXED_INITIALLY, Number
CYGIMP_MEMALLOC_ALLOCATOR_DLMALLOC_SAFE_MULTIPLE, Bool
CYGNUM_VNC_SERVER_PIXEL_BGR233, Bool
CYGNUM_UITRON_SEMAS_INITIALLY, Number
CYGPKG_INFRA_LDFLAGS_REMOVE, String
CYGOPT_PPP_DNS_CONFIGURE, Bool
CYGPKG_LIBC_STARTUP_CFLAGS_ADD, String
CYGNUM_POSIX_MAIN_DEFAULT_PRIORITY, Number
CYGPKG_IO_DISK_CFLAGS_REMOVE, String
CYGDAT_IO_SERIAL_TERMIOS_TERMIOS0_DEV, String
CYGPKG_IO_SERIAL_I386_PC_CFLAGS_ADD, String
FOPEN_MAX, Number
CYGPKG_LIBM_TESTS, String
CYGPKG_HAL_CACHE_CONTROL, Bool
CYGNUM_HAL_VIRTUAL_VECTOR_CONSOLE_CHANNEL_DEFAULT, Number
CYGPKG_PPP_TESTS_ALL, Bool
CYGPKG_NET_FREEBSD_LOGGING, String
CYGINT_KERNEL_COUNTERS, Number
CYGPKG_UITRON_SEMAS_ARE_INITIALIZED, Bool
CYGPKG_HTTPD_TESTS, String
CYGBLD_ISO_PMUTEXTYPES_HEADER, String
CYGBLD_ISO_STRING_BSD_FUNCS_HEADER, String
CYGINT_LIBC_STARTUP_EXTERNAL_INVOKE_MAIN_POSSIBLE, Bool
CYGIMP_HAL_COMMON_INTERRUPTS_IGNORE_SPURIOUS, Bool
CYGPKG_NET_DHCP_THREAD_STACK_SIZE, String
CYGNUM_NET_FAST_THREAD_STACKSIZE, String
CYGDBG_INFRA_DEBUG_TRACE_BUFFER_HALT, Bool
CYGBLD_ISO_BSDTYPES_HEADER, String
CYGPKG_LIBM_CFLAGS_ADD, String
CYGNUM_IO_SERIAL_I386_PC_SERIAL1_BUFSIZE, Number
CYGPKG_IO_WALLCLOCK_CFLAGS_REMOVE, String
CYGIMP_LIBC_I18N_CTYPE_INLINES, Bool
CYGINT_ISO_STDIO_FILETYPES, Number
CYGPKG_IO_SERIAL_TERMIOS_TERMIOS2, Bool
CYGPKG_NET_SNTP_UNICAST, Bool
CYGINT_WATCHDOG_RESETS_ON_TIMEOUT, Number
CYGNUM_DEVS_ETH_I386_PC_LANCEPCI_ETH0_TX_RING_SIZE, Number
CYGPKG_KERNEL, Bool
CYGPKG_IO_WALLCLOCK_OPTIONS, Bool
CYGPKG_POSIX_PTHREAD_FEATURES, Bool
CYGPKG_NS_DNS_BUILD, Bool
CYGNUM_IO_FLASH_TEST_LENGTH, String
CYGSEM_WALLCLOCK_MODE, String
CYGDAT_IO_SERIAL_FLOW_CONTROL_XON_CHAR, Number
CYGNUM_FILEIO_NFILE, Number
CYGPKG_LINUX_COMPAT, Bool
CYGSEM_IO_FLASH_READ_INDIRECT, Bool
CYGINT_IO_SERIAL_GENERIC_16X5X_REQUIRED, Number
CYGNUM_KERNEL_THREADS_DATA_ITRON, Number
CYGVAR_KERNEL_INSTRUMENT_EXTERNAL_BUFFER, Bool
CYGBLD_MEMALLOC_MALLOC_IMPLEMENTATION_HEADER, String
CYGHWR_HAL_I386_PC_LOAD_HIGH, Bool
_POSIX_THREAD_PRIO_PROTECT, Bool
CYGNUM_DEVS_ETH_I386_PC_LANCEPCI_ETH0_RX_RING_SIZE, Number
CYGINT_ISO_LOCALE, Number
CYGPKG_NET_STACK_INET, Number
CYGSEM_HAL_USE_ROM_MONITOR, String
CYGIMP_KERNEL_INTERRUPTS_DSRS, Bool
CYGNUM_UITRON_TASKS_INITIALLY, Number
CYGINT_HAL_I386_PCMB_SCREEN_SUPPORT, Number
CYGNUM_NET_TFTPD_MULTITHREADED_PORTS, String
CYGIMP_LIBC_TIME_ASCTIME_INLINE, Bool
CYGNUM_UITRON_FLAGS_INITIALLY, Number
CYGBLD_ISO_PTHREAD_IMPL_HEADER, String
CYGNUM_POWER_THREAD_PRIORITY, String
CYGHWR_NET_DRIVER_ETH1_IPV6_PREFIX, String
CYGDAT_UITRON_SEMA_INITIALIZERS, String
CYGSEM_WATCHDOG_RESETS_ON_TIMEOUT, Bool
CYGPKG_INFRA_TESTS, String
CYGPKG_SNMPAGENT_TESTS, String
CYGNUM_IO_FLASH_BLOCK_CFG_FIS_2, Bool
CYGIMP_KERNEL_INTERRUPTS_DSRS_LIST, Bool
CYGPKG_UITRON, Bool
CYGPKG_DEVS_ETH_AMD_LANCEPCI_CFLAGS_ADD, String
CYGOPT_NET_DHCP_PARM_REQ_LIST_ADDITIONAL, String
CYGPKG_IO_SERIAL_OPTIONS, Bool
CYGPKG_IO_SERIAL, Bool
CYGPKG_SNMPLIB_CFLAGS_ADD, String
CYGINT_HAL_I386_MEM_REAL_REGION_TOP, Number
CYGPKG_DEVICES_WALLCLOCK_DALLAS_DS12887_CFLAGS_ADD, String
CYGSEM_HAL_DIAG_MANGLER, String
CYGPKG_IO_SERIAL_TTY, Bool
CYGSEM_IO_FLASH_SOFT_WRITE_PROTECT, Bool
CYGNUM_HAL_VIRTUAL_VECTOR_CONSOLE_CHANNEL_BAUD, Number
CYGNUM_MEMALLOC_FALLBACK_MALLOC_POOL_SIZE, Number
CYGFUN_LIBM_SVID3_scalb, Bool
CYGSEM_MEMALLOC_ALLOCATOR_SEPMETA_THREADAWARE, Bool
CYGINT_ISO_ENVIRON, Number
CYGDBG_KERNEL_INSTRUMENT_MUTEX, Bool
CYGSEM_IO_FLASH_CHATTER, Bool
CYGPKG_HAL_COMMON, Bool
CYGPKG_SNMPAGENT_CFLAGS_REMOVE, String
CYGSEM_COMPRESS_ZLIB_DEFLATE_MAKES_GZIP, Bool
CYGPKG_CPULOAD, Bool
CYGPKG_ISO_NETDB, Bool
CYGBLD_ISO_ASSERT_HEADER, String
CYGNUM_IO_FLASH_BLOCK_ABSOLUTE_LENGTH_1, Number
CYGINT_ISO_STDLIB_SYSTEM, Number
CYGDBG_NET_DHCP_CHATTER, Bool
CYGNUM_IO_SERIAL_GENERIC_16X5X_FIFO_TX_SIZE, String
CYGPKG_IO_ETH_DRIVERS_SIMULATE_DROP_TX, Number
CYGIMP_UITRON_LOOSE_CONFORMANCE, Bool
CYGPKG_COMPRESS_ZLIB_CFLAGS_ADD, String
CYGNUM_TESTS_RUN_COUNT, String
CYGNUM_IO_FLASH_BLOCK_DEVICES, String
CYGPKG_IO_ETH_DRIVERS_OPTIONS, Bool
CYGPKG_NET_TFTPD_THREAD_STACK_SIZE, String
CYGFUN_LIBC_STDIO_OPEN_POSIX_FDFUNCS, Bool
CYGBLD_ISO_OFLAG_HEADER, String
CYGPKG_IO_DISK_CFLAGS_ADD, String
CYGINT_ISO_POSIX_CLOCK_TYPES, Number
CYGPKG_HAL_I386_PC_MEMSIZE, String
CYGBLD_ISO_STDIO_FILEOPS_HEADER, String
CYGPKG_KERNEL_SCHED, Bool
CYGNUM_HAL_RTC_DENOMINATOR, String
CYGSEM_HAL_DCACHE_STARTUP_MODE, String
_POSIX_THREAD_PRIO_INHERIT, Bool
CYGPKG_ISO_CTYPE_H, Bool
FILENAME_MAX, Number
CYGPKG_NET_DEBUG, Bool
CYGMFN_KERNEL_SYNCH_CONDVAR_WAIT_MUTEX, Bool
CYGIMP_MEMALLOC_ALLOCATOR_DLMALLOC_USE_MEMCPY, Bool
CYGBLD_ISO_POLL_HEADER, String
CYGPKG_UITRON_FLAGS, Bool
CYGPKG_NET_DHCP_THREAD_PRIORITY, String
_POSIX_THREAD_PRIORITY_SCHEDULING, Bool
CYGPKG_NET_SNTP_CFLAGS_REMOVE, String
CYGDAT_IO_SERIAL_TERMIOS_TERMIOS1_DEV, String
CYGPKG_IO_PCI_CONFIGURE_INTLINE, Bool
CYGDBG_HAL_DEBUG_GDB_BREAK_SUPPORT, Bool
CYGBLD_ISO_C_TIME_TYPES_HEADER, String
CYGDAT_NET_SNMPAGENT_VERS_DESC, String
CYGPKG_NET_FREEBSD_INET, Bool
CYGNUM_UITRON_CYCLICS, Number
CYGPKG_IO_FLASH_CFLAGS_ADD, String
CYGPKG_IO_PCI_OPTIONS, Bool
CYGDAT_IO_SERIAL_TTY_TTY1_DEV, String
CYGINT_ISO_STDIO_ERROR, Number
CYGNUM_KERNEL_MAX_SUSPEND_COUNT_ASSERT, String
CYGHWR_NET_DRIVER_ETH1_BOOTP, Bool
CYGPKG_LIBC_STDLIB_OPTIONS, Bool
CYGNUM_IO_ETH_DRIVERS_NUM_PKT, Number
CYGIMP_UITRON_STRICT_CONFORMANCE, Bool
CYGNUM_KERNEL_COUNTERS_RTC_RESOLUTION, String
CYGPKG_IO, Bool
CYGPKG_PPP_AUTH, Bool
CYGHWR_IO_FLASH_DEVICE, Number
CYGPKG_LIBC_SETJMP_OPTIONS, Bool
CYGPKG_NET_TFTPD_CLIENT_BIG_PACKET_SIZE, Number
CYGSEM_KERNEL_SYNCH_MUTEX_PRIORITY_INVERSION_PROTOCOL_NONE, Bool
CYGPKG_IO_ETH_DRIVERS_SIMULATE_LINE_CUT, Bool
CYGINT_ISO_SEMAPHORES, Number
CYGDAT_UITRON_MEMPOOLFIXED_INITIALIZERS, String
CYGIMP_LIBC_STDLIB_INLINES, Bool
CYGNUM_UITRON_FLAGS, Number
CYGPKG_IO_ETH_DRIVERS_SIMULATE_DROP_RX, Number
CYGDAT_VNC_SERVER_MOUSE_NAME, String
CYGFUN_LIBC_I18N_LOCALE_C_JIS, Bool
CYGINT_HAL_DEBUG_GDB_STUBS, Number
CYGPKG_NET, Bool
CYGINT_ISO_STDIO_POSIX_FDFUNCS, Number
CYGDAT_NET_SNMPAGENT_SYS_LOC, String
CYGPKG_UITRON_MEMPOOLVAR_CREATE_DELETE, Bool
CYGINT_IO_SERIAL_GENERIC_16X5X_CHAN_INTPRIO, Bool
CYGNUM_UITRON_VER_PRNO_2, Number
CYGNUM_IO_FLASH_TEST_OFFSET, String
CYGNUM_VNC_SERVER_KEYBOARD_EVENTS, String
CYGPKG_NET_FREEBSD_INET6, Bool
CYGPKG_NET_FAST_THREAD_PRIORITY, String
CYGNUM_JFFS2_GC_THREAD_PRIORITY, Number
CYGDBG_INFRA_DEBUG_TRACE_ASSERT_FANCY, Bool
CYGHWR_REDBOOT_I386_TRAMPOLINE_ADDRESS, String
CYGNUM_VNC_SERVER_TILE_SIZE, Number
CYGDBG_KERNEL_INSTRUMENT_BUILD_HOST_DUMP, Bool
CYGINT_IO_SERIAL_TEST_SKIP_57600, Number
CYGSEM_INFRA_RESET_ON_TEST_EXIT, Bool
CYGPKG_UITRON_CFLAGS_ADD, String
CYGHWR_NET_DRIVER_ETH1_ADDRS_GATEWAY, String
CYGINT_ISO_SELECT, Number
CYGINT_HAL_PLF_IF_INIT, Number
CYGHWR_NET_DRIVER_ETH0_ADDRS, Bool
CYGINT_ISO_POSIX_LIMITS, Number
CYGPKG_POSIX_MQUEUES, Bool
CYGPKG_UITRON_CYCLICS, Bool
CYGPKG_HAL_BUILD_COMPILER_TESTS, Bool
CYGNUM_LIBC_TIME_DST_DEFAULT_STATE, Number
CYGPKG_NET_FREEBSD_STACK_CFLAGS_REMOVE, String
CYGSEM_LIBC_STARTUP_MAIN_OTHER, Bool
CYGPKG_LIBC_STDLIB_CFLAGS_REMOVE, String
CYGPKG_LIBC_STDIO_OPTIONS, Bool
CYGDBG_IO_INIT, Bool
CYGFUN_HAL_COMMON_KERNEL_SUPPORT, Bool
CYGBLD_ISO_STDLIB_ENVIRON_HEADER, String
CYGOPT_PPP_NS_NEGOTIATE, Bool
CYGPKG_IO_WATCHDOG_IMPLEMENTATION, Bool
CYGINT_ISO_STDLIB_STRCONV, Number
CYGNUM_HTTPD_SERVER_BUFFER_SIZE, String
CYGPKG_NET_TFTPD_CLIENT_BIG_PACKET, Bool
CYGDBG_KERNEL_INSTRUMENT_CONDVAR, Bool
CYGDBG_KERNEL_INSTRUMENT_CNTSEM, Bool
CYGPKG_IO_SERIAL_TEST_SPECS, Bool
CYGINT_LIBC_STARTUP_MAIN_NO_STACK_SIZE, Bool
CYGNUM_KERNEL_THREADS_STACK_CHECK_DATA_SIZE, Number
CYGPKG_IO_WATCHDOG_TESTS, String
CYGPKG_PPP_TEST_DEVICE, String
CYGPKG_IO_SERIAL_GENERIC_16X5X_FIFO, Bool
CYGFUN_LIBC_TIME_POSIX, Bool
CYGPKG_NET_BUILD_HW_TESTS, Bool
CYGNUM_FILEIO_MTAB_MAX, Number
CYGFUN_IO_FLASH_BLOCK_FROM_FIS, Bool
CYGPKG_ISO_TERMIOS, Bool
CYGINT_ISO_SCHED_IMPL, Number
CYGPKG_IO_SERIAL_GENERIC_16X5X_CFLAGS_ADD, String
CYGDBG_INFRA_DEBUG_TRACE_BUFFER_PRINT_ON_ASSERT, Bool
CYGPKG_LIBC_I18N_CFLAGS_ADD, String
CYGPKG_LIBC_I18N_NEWLIB_CTYPE, Bool
CYGPKG_IO_FILE_SUPPORT, Bool
CYGNUM_IO_FILEIO_MAX_INODE_CACHE_DEAD, String
CYGPKG_MEMALLOC_ALLOCATOR_VARIABLE, Bool
CYGPKG_INFRA_CFLAGS_REMOVE, String
CYGPKG_NET_STACK_IPSEC, Number
CYGIMP_KERNEL_INTERRUPTS_DSRS_TABLE, Bool
CYGNUM_VNC_SERVER_CORRE_ENCODING_HACK, Bool
CYGBLD_ISO_STDIO_ERROR_HEADER, String
CYGHWR_NET_DRIVER_ETH1_MANUAL, Bool
CYGPKG_IO_PCI_DEBUG, Bool
CYGDBG_HAL_DEBUG_GDB_INITIAL_BREAK, Bool
CYGPKG_NET_FREEBSD_STACK, Bool
CYGHWR_NET_DRIVER_ETH0_ADDRS_SERVER, String
CYGNUM_IO_FLASH_BLOCK_ABSOLUTE_START_2, Number
CYGPKG_FILEIO_DIRENT_DTYPE, Bool
CYGPKG_DEVS_ETH_I386_PC_LANCEPCI_ETH0, Bool
CYGPKG_NET_TFTP_FILE_ACCESS, Bool
CYGINT_FS_RAM_ALLOC, Number
CYGBLD_ISO_MEMCPY_HEADER, String
CYGBLD_ISO_CLOCK_T_HEADER, String
CYGDAT_NS_DNS_DEFAULT_SERVER, String
CYGNUM_UITRON_MBOXES, Number
CYGPKG_IO_FLASH_BLOCK_DEVICE_2, Bool
CYGHWR_NET_DRIVER_ETH1_ADDRS_IP, String
CYGPKG_ISO_SEMAPHORES, Bool
CYGINT_ISO_SETJMP, Number
CYGDBG_KERNEL_TRACE_TIMESLICE, Bool
CYGINT_ISO_ABS, Number
CYGPKG_DEVICES_WALLCLOCK_DALLAS_DS12887_OPTIONS, Bool
CYGIMP_LIBC_RAND_SIMPLE1, Bool
CYGPKG_PPP_TESTS, String
CYGVAR_KERNEL_THREADS_DATA, Bool
CYGPKG_IO_SERIAL_I386_PC_SERIAL0, Bool
CYGBLD_ISO_STDLIB_DIV_HEADER, String
CYGHWR_NET_DRIVER_ETH1_SETUP, Number
CYG_POSIX_UTSNAME_NODENAME_LENGTH, Number
CYGNUM_DEVS_ETH_AMD_LANCEPCI_DEV_COUNT, Number
CYGDAT_DEVS_WALLCLOCK_I386_PC_RTC_ADDRESS_PORT, String
CYGBLD_ISO_STDLIB_SYSTEM_HEADER, String
CYGINT_WALLCLOCK_SET_GET_MODE_SUPPORTED, Number
CYGDAT_HTTPD_SERVER_ID, String
CYGPKG_IO_ETH_DRIVERS_WARN_NO_MBUFS, Bool
CYGBLD_ISO_STDLIB_MULTIBYTE_HEADER, String
CYGPKG_IO_ETH_DRIVERS, Bool
CYGPKG_HAL_EXCEPTIONS, Bool
CYGNUM_ERROR_ERRNO_TRACE_LEVEL, Number
CYGPKG_UITRON_VERSION, Bool
CYGPKG_HAL_I386_PCMB, Bool
CYGPKG_LIBC_I18N_OPTIONS, Bool
CYGPKG_DEVS_ETH_AMD_LANCEPCI_OPTIONS, Bool
CYGBLD_ISO_STDIO_FORMATTED_IO_HEADER, String
CYGVAR_KERNEL_THREADS_NAME, Bool
CYGDBG_KERNEL_INSTRUMENT_THREAD, Bool
CYGNUM_IO_FLASH_BLOCK_OFFSET_2, Number
CYGDAT_IO_SERIAL_TTY_TTY3_DEV, String
CYGFUN_LIBC_STRING_STRDUP, Bool
CYGINT_ISO_POSIX_SLEEP, Number
CYGINT_ISO_POSIX_TIMERS, Number
CYGPKG_COMPRESS_ZLIB_TESTS, String
CYGBLD_BUILD_I386_ROMBOOT, Bool
CYGINT_ISO_PTHREADTYPES, Number
CYGHWR_NET_DRIVER_ETH0_ADDRS_GATEWAY, String
CYGNUM_UITRON_MEMPOOLVAR_INITIALLY, Number
CYGPKG_UITRON_MBOXES_CREATE_DELETE, Bool
CYGNUM_UITRON_TASKS, Number
CYGSEM_KERNEL_SCHED_TIMESLICE_ENABLE, Bool
CYGBLD_ISO_QSORT_HEADER, String
CYGDBG_USE_ASSERTS, Bool
CYGPKG_LIBC_TIME, Bool
CYGPKG_COMPRESS_ZLIB_LDFLAGS_ADD, String
CYGFUN_LIBC_strtod, Bool
CYGPKG_KERNEL_INTERRUPTS, Bool
CYGNUM_FS_FAT_NODE_POOL_SIZE, Number
CYGHWR_NET_DRIVER_ETH1_BOOTP_SHOW, Bool
CYGOPT_NET_DHCP_OPTION_DHCP_CLIENTID_MAC, Bool
CYGSEM_MEMALLOC_ALLOCATOR_VARIABLE_THREADAWARE, Bool
CYGBLD_ISO_MALLOC_HEADER, String
CYGPKG_IO_FLASH_OPTIONS, Bool
CYGPKG_LIBC_STRING_CFLAGS_REMOVE, String
CYGBLD_ISO_STDLIB_STRCONV_FLOAT_HEADER, String
CYGPKG_INFRA_LDFLAGS_ADD, String
CYGPKG_NS_DNS_DEFAULT, Bool
_POSIX_THREADS, Bool
CYGIMP_UITRON_CPP_OUTLINE_FUNCS, Bool
CYGPKG_MEMALLOC_TESTS, String
CYGPKG_LIBC_STRING_CFLAGS_ADD, String
CYGPKG_LIBC_I18N_TESTS, String
CYGPKG_ERROR_STRERROR, Bool
CYGIMP_MEMALLOC_MALLOC_DLMALLOC, Bool
CYGINT_ISO_STDLIB_ENVIRON, Number
CYGPKG_IO_WATCHDOG_CFLAGS_ADD, String
CYGDBG_HAL_CRCTABLE_LOCATION, String
CYGINT_NET_IPSEC_BSD_CRYPTO, Number
CYGDBG_HAL_COMMON_CONTEXT_SAVE_MINIMUM, Bool
CYGSEM_LIBC_STDIO_SETVBUF_MALLOC, Bool
CYGNUM_UITRON_MEMPOOLVAR, Number
CYGOPT_IO_SERIAL_SUPPORT_LINE_STATUS, Bool
CYGINT_IO_SERIAL_TEST_SKIP_STOP_2, Number
CYGNUM_POSIX_MQUEUE_OPEN_MAX, Number
CYGPKG_FS_RAM, Bool
CYGPKG_FS_FAT_RET_DIRENT_DTYPE, Bool
CYGSEM_KERNEL_SYNCH_MUTEX_PRIORITY_INVERSION_PROTOCOL, String
CYGPRI_HAL_VIRTUAL_VECTOR_DEBUG_CHANNEL_CONFIGURABLE, Bool
CYGPKG_NET_FORCE_SERIAL_CONSOLE, Bool
CYGBLD_ISO_STRING_LOCALE_FUNCS_HEADER, String
CYGPKG_IO_SERIAL_CFLAGS_ADD, String
CYGSEM_HAL_VIRTUAL_VECTOR_CLAIM_COMMS, Bool
CYGNUM_RAMFS_BLOCKS_INDIRECT2, Number
CYGFUN_LIBC_STDIO_ungetc, Bool
CYGPKG_POSIX_TESTS, String
CYGINT_ISO_DIV, Number
CYGPKG_HTTPD_OPTIONS, Bool
CYGNUM_LIBM_COMPATIBILITY, String
CYGPKG_FILEIO_FNMATCH, Bool
CYGPKG_FS_JFFS2_CFLAGS_ADD, String
CYGNUM_UITRON_MEMPOOLFIXED, Number
CYGNUM_IO_FLASH_BLOCK_CFG_STATIC_ABSOLUTE_1, Bool
CYGINT_HAL_VIRTUAL_VECTOR_COMM_BAUD_SUPPORT, Number
CYGSEM_MEMALLOC_ALLOCATOR_VARIABLE_COALESCE, Bool
CYGDAT_IO_SERIAL_TERMIOS_TERMIOS3_DEV, String
CYGPKG_NET_THREAD, Bool
CYGPKG_DEVICES_WALLCLOCK_I386_PC, Bool
CYGPKG_UITRON_TASKS_CREATE_DELETE, Bool
CYGNUM_UITRON_VER_PRNO_1, Number
CYGPKG_SNMPLIB, Bool
CYGNUM_IO_SERIAL_FLOW_CONTROL_LOW_WATER_PERCENT, Number
CYGPKG_LIBM, Bool
CYGNUM_IO_SERIAL_I386_PC_SERIAL1_BAUD, String
CYGSEM_KERNEL_EXCEPTIONS_GLOBAL, Bool
CYGBLD_ISO_POSIX_CLOCK_TYPES_HEADER, String
CYGPKG_SNMPLIB_CFLAGS_REMOVE, String
CYGPKG_HAL_I386_GENERIC, Bool
CYGBLD_ISO_FSTYPES_HEADER, String
CYGPKG_SNMPAGENT_SYSTEM_MIB, Bool
CYGINT_NET_IPV6_ROUTING_THREAD_PERIOD, String
CYGNUM_KERNEL_THREADS_IDLE_STACK_SIZE, Number
CYGBLD_ISO_TERMIOS_HEADER, String
CYGPKG_LIBC, Bool
CYGPKG_KERNEL_CFLAGS_REMOVE, String
CYGNUM_VNC_SERVER_MOUSE_EVENTS, String
CYGTST_ROMFS_BUILD_TESTS, Bool
CYGPKG_NET_INET6, Bool
CYGDBG_INFRA_DEBUG_TRACE_ASSERT_BUFFER, Bool
CYGIMP_POSIX_MQUEUE_VALIDATE_DESCRIPTOR, Bool
CYGNUM_IO_SERIAL_I386_PC_SERIAL1_IRQ, Number
CYGSEM_IO_FLASH_LEGACY_API, Bool
CYGNUM_LIBM_COMPATMODE_TRACE_LEVEL, Number
CYGSEM_START_UITRON_COMPATIBILITY, Bool
CYGSEM_HAL_ROM_MONITOR, Bool
CYGBLD_ISO_BSEARCH_HEADER, String
CYGPKG_IO_SERIAL_I386_PC_TESTING, Bool
CYGPKG_LIBC_STDIO, Bool
CYGNUM_LIBC_TIME_STD_DEFAULT_OFFSET, Number
CYGINT_IO_SERIAL_TEST_SKIP_PARITY_EVEN, Number
CYGPKG_UITRON_SEMAS, Bool
CYGNUM_POSIX_PTHREAD_DESTRUCTOR_ITERATIONS, Number
CYGPKG_ISO_EXTRA_TYPES, Bool
CYGINT_POSIX_REALTIME_SIGNALS, Number
CYGSEM_SNMPAGENT_TESTS_PROMISCUOUS, Bool
CYGPKG_HTTPD_CFLAGS_ADD, String
PPP_DEFLATE, Bool
CYGNUM_IO_FLASH_BLOCK_CFG_STATIC_2, Bool
CYGSEM_LIBC_MAIN_STACK_FROM_SYSTEM, Bool
CYGINT_ISO_MQUEUE, Number
CYGPKG_LIBC_TIME_CFLAGS_REMOVE, String
CYGSEM_NET_RANDOMID, Bool
CYGNUM_IO_FLASH_BLOCK_ABSOLUTE_LENGTH_2, Number
CYGDBG_FS_FAT_NODE_CACHE_EXTRA_CHECKS, Bool
CYGINT_ISO_DNS, Bool
CYGNUM_RAMFS_REALLOC_INCREMENT, Number
CYGINT_IO_SERIAL_BLOCK_TRANSFER, Number
CYGPKG_IO_SERIAL_I386_PC, Bool
CYGSEM_KERNEL_SYNCH_MUTEX_PRIORITY_INVERSION_PROTOCOL_DEFAULT_PRIORITY, Number
CYGINT_ISO_MAIN_STARTUP, Number
CYGPKG_FS_ROM_RET_DIRENT_DTYPE, Bool
CYGNUM_HAL_RTC_CONSTANTS, Bool
CYGPKG_POWER_CFLAGS_ADD, String
CYGPKG_ISO_TIME, Bool
CYGFUN_LIBC_I18N_LOCALE_C_EUCJP, Bool
CYGSEM_LIBM_USE_STDERR, Bool
CYGPKG_LIBC_STDIO_FILEIO, Bool
CYGFUN_IO_FILEIO_SELECT, Bool
CYGPKG_FS_RAM_TESTS, String
CYGIMP_KERNEL_SCHED_SORTED_QUEUES, Bool
CYGBLD_ISO_DNS_HEADER, String
CYGSEM_LIBC_I18N_PER_THREAD_MB, Bool
CYGNUM_UITRON_VER_VAR, Number
CYGINT_LIBM_COMPAT, Number
CYGHWR_NET_DRIVER_ETH0_BOOTP_SHOW, Bool
CYGSEM_LIBC_TIME_CLOCK_WORKING, Bool
CYGSEM_LIBC_TIME_TIME_WORKING, Bool
CYGIMP_POWER_PROVIDE_STRINGS, Bool
CYGPKG_PPP_CFLAGS_REMOVE, String
CYGOPT_FS_JFFS2_NAND, Bool
CYGNUM_KERNEL_THREADS_DESTRUCTORS, Number
CYGSEM_HAL_ENABLE_DCACHE_ON_STARTUP, Bool
CYGPKG_LIBC_SETJMP_TESTS, String
CYGINT_KERNEL_SCHEDULER, Number
CYGFUN_MEMALLOC_KAPI, Bool
CYGSEM_MEMALLOC_MALLOC_ZERO_RETURNS_NULL, Bool
CYGINT_HAL_DEBUG_GDB_STUBS_BREAK, Number
CYGBLD_ISO_SEMAPHORES_HEADER, String
CYGPKG_ISO_POSIX_FCNTL, Bool
CYGPKG_MEMALLOC_CFLAGS_REMOVE, String
CYGPKG_FS_RAM_BLOCKS_ARRAY, Bool
CYGSEM_MEMALLOC_ALLOCATOR_FIXED_THREADAWARE, Bool
CYGPKG_MEMALLOC_ALLOCATORS, Bool
CYGNUM_VNC_SERVER_DELAY, String
CYGINT_ISO_STDIO_DIRECT_IO, Number
CYGHWR_NET_DRIVER_ETH1_DHCP, Bool
CYGINT_IO_SERIAL_TEST_SKIP_38400, Number
L_tmpnam, Number
CYGINT_COMPRESS_ZLIB_LOCAL_ALLOC, Number
CYGBLD_ISO_POSIX_SLEEP_HEADER, String
CYGINT_IO_SERIAL_LINE_STATUS_HW, Number
CYGPKG_IO_SERIAL_I386_PC_CFLAGS_REMOVE, String
CYGDBG_KERNEL_INSTRUMENT_MSGS_BUILD_HEADERFILE, Bool
CYGPKG_ISO_STDIO, Bool
CYGPKG_NS_DNS_CFLAGS_ADD, String
CYGNUM_NET_FTPCLIENT_BUFSIZE, String
CYGPKG_NET_TESTS_USE_RT_TEST_HARNESS, Bool
CYGPKG_FS_RAM_RET_DIRENT_DTYPE, Bool
CYGINT_ISO_STDIO_FILEOPS, Number
CYGINT_WATCHDOG_HW_IMPLEMENTATIONS, Number
CYGNUM_UITRON_VER_PRNO_3, Number
CYGSEM_LIBM_COMPAT_IEEE_ONLY, Bool
CYGNUM_LIBC_I18N_MAX_LOCALE_NAME_SIZE, Number
CYGBLD_ISO_STDIO_STREAMS_HEADER, String
CYGPKG_PPP_AUTH_DEFAULT_USER, String
CYGPKG_IO_SERIAL_TERMIOS_TERMIOS0, Bool
CYGPKG_IO_PCI_TESTS, String
CYGNUM_HAL_I386_PC_MEMSIZE_EXTENDED, String
CYGNUM_KERNEL_MAX_COUNTED_WAKE_COUNT_ASSERT, String
CYGINT_ISO_STDIO_FILEACCESS, Number
CYGDBG_IO_DISK_DEBUG, Bool
CYGPKG_IO_ETH_DRIVERS_SIMULATE_CORRUPT_RX, Number
CYGIMP_POWER_PROVIDE_POLICY_DATA, Bool
CYGSEM_LIBC_TIME_SETTIME_WORKING, Bool
CYGPKG_LIBC_STRING_TESTS, String
CYGHWR_NET_DRIVER_ETH0_BOOTP, Bool
CYGIMP_MBOX_USE_MBOXT_PLAIN, Bool
CYGNUM_UITRON_VER_PRNO_0, Number
CYGNUM_RAMFS_DIRENT_SIZE, Number
CYGOPT_NET_IPV6_ROUTING_THREAD, Bool
CYGPKG_NS_DNS_CFLAGS_REMOVE, String
CYGINT_IO_SERIAL_FLOW_CONTROL_HW, Number
CYGDBG_INFRA_DEBUG_TRACE_ASSERT_SIMPLE, Bool
CYGPKG_BLOCK_LIB, Bool
CYGSEM_LIBC_INVOKE_DEFAULT_STATIC_CONSTRUCTORS, Bool
CYGFUN_LIBC_STDLIB_CONV_LONGLONG, Bool
CYGOPT_IO_SERIAL_FLOW_CONTROL_HW, Bool
CYGIMP_KERNEL_COUNTERS_MULTI_LIST, Bool
CYGPKG_HAL_SMP_CPU_MAX, String
CYGNUM_PPP_CHAT_ABORTS_SIZE, Number
CYGBLD_INFRA_CFLAGS_WARNINGS_AS_ERRORS, Bool
CYGPKG_IO_SERIAL_TTY_TTY2, Bool
CYGNUM_HAL_RTC_PERIOD, String
CYGPKG_IO_WALLCLOCK_CFLAGS_ADD, String
CYG_POSIX_UTSNAME_LENGTH, Number
CYGDAT_IO_SERIAL_FLOW_CONTROL_XOFF_CHAR, Number
CYGNUM_IO_SERIAL_FLOW_CONTROL_HIGH_WATER_PERCENT, Number
CYGBLD_HAL_LINKER_GROUPED_LIBS, String
CYGPKG_PPP_WORKAROUNDS, Bool
PPP_BSDCOMP, Bool
CYGPKG_HAL, Bool
CYGBLD_ISO_STDIO_POSIX_FDFUNCS_HEADER, String
CYGPKG_NET_TESTS, String
CYGBLD_ISO_STDIO_DIRECT_IO_HEADER, String
CYGNUM_LIBC_RAND_TRACE_LEVEL, Number
CYGPKG_VNC_SERVER_BUILD_MOUSE_DRIVER, Bool
CYGPKG_NET_FREEBSD_STACK_OPTIONS, Bool
CYGNUM_HAL_RTC_NUMERATOR, String
CYGPKG_HAL_DEBUG, Bool
CYGDAT_IO_FLASH_BLOCK_FIS_NAME_2, String
CYGPKG_LIBC_I18N_LOCALES, Bool
CYGPKG_IO_SERIAL_GENERIC_16X5X, Bool
CYGPKG_HAL_COMMON_CONTEXT, Bool
CYGDBG_KERNEL_INSTRUMENT_SCHED, Bool
CYGDAT_VNC_SERVER_KEYBOARD_NAME, String
CYGINT_INFRA_DEBUG_TRACE_IMPL, Number
CYGNUM_HAL_DEBUG_GDB_PROTOCOL_RETRIES, String
CYGOPT_IO_SERIAL_FLOW_CONTROL_SOFTWARE, Bool
_POSIX_THREAD_PROCESS_SHARED, Bool
CYGPKG_LIBC_SETJMP_CFLAGS_REMOVE, String
CYGBLD_ISO_STRING_MEMFUNCS_HEADER, String
CYGINT_ISO_DIRENT, Number
CYGPKG_IO_SERIAL_SELECT_SUPPORT, Bool
CYGPKG_NET_IPV6_ROUTING, Bool
CYGDAT_IO_SERIAL_TERMIOS_TERMIOS2_DEV, String
CYGPKG_IO_FILEIO, Bool
CYGPRI_HAL_VIRTUAL_VECTOR_CONSOLE_CHANNEL_CONFIGURABLE, Bool
CYGPKT_PPP_WORKAROUNDS_START_FLAG, Bool
CYGINT_WATCHDOG_IMPLEMENTATIONS, Number
CYGSEM_KERNEL_SYNCH_MUTEX_PRIORITY_INVERSION_PROTOCOL_INHERIT, Bool
CYGDAT_IO_SERIAL_TTY_CONSOLE, String
CYGPKG_NET_STACK, Number
CYGDAT_NET_SNMPAGENT_SYS_CONTACT, String
CYGPKG_IO_PCI, Bool
CYGNUM_UITRON_VER_MAKER, Number
CYGNUM_FILEIO_NFD, Number
CYGPKG_POWER_CFLAGS_REMOVE, String
CYGNUM_UITRON_VER_SPVER, Number
CYGPKG_NS_DNS_TESTS, String
CYGPKG_ISO_STDLIB, Bool
CYGSEM_HAL_INSTALL_MMU_TABLES, Bool
CYGDBG_INFRA_DEBUG_LOOP_INVARIANTS, Bool
CYGHWR_NET_DRIVER_ETH0_IPV6_PREFIX, String
CYGPKG_NET_STACK_INET6, Number
CYGIMP_IDLE_THREAD_YIELD, Bool
CYGPKG_LIBM_COMPATIBILITY, Bool
CYGIMP_LIBC_RAND_KNUTH1, Bool
CYGDBG_KERNEL_INSTRUMENT_MBOXT, Bool
CYGIMP_LIBC_TIME_DIFFTIME_INLINE, Bool
CYGDAT_VNC_DESKTOP_NAME, String
CYGPKG_IO_SERIAL_I386_PC_SERIAL1, Bool
CYGBLD_MEMALLOC_MALLOC_EXTERNAL_HEAP_H, String
CYGPKG_POWER_OPTIONS, Bool
CYGSEM_HAL_VIRTUAL_VECTOR_CLAIM_DEFAULT, Bool
CYGDAT_NET_SNMPAGENT_SYS_NAME, String
CYGINT_ISO_ERRNO_CODES, Number
CYGINT_IO_SERIAL_TEST_SKIP_PARITY_ODD, Number
CYGBLD_ISO_EXIT_HEADER, String
CYGPKG_PPP_NEGOTIATE_OPTIONS, Bool
CYGPKG_COMPRESS_ZLIB_CFLAGS_REMOVE, String
CYGINT_IO_FLASH_BLOCK_DEVICE_METHODS, Bool
CYGIMP_KERNEL_COUNTERS_SINGLE_LIST, Bool
CYGDBG_INFRA_DEBUG_ASSERT_MESSAGE, Bool
CYGINT_ISO_STDIO_FORMATTED_IO, Number
CYGPKG_FS_ROM_TESTS, String
CYGINT_ISO_OPEN, Number
CYGHWR_MEMORY_LAYOUT_LDI, String
CYGPKG_HAL_I386_PC, Bool
CYGNUM_KERNEL_SYNCH_MBOX_QUEUE_SIZE, Number
CYGPKG_IO_NFILE, String
CYGINT_ISO_ERRNO, Number
CYGDBG_INFRA_DEBUG_TRACE_BUFFER_SIZE, Number
CYGPKG_VNC_SERVER_DISPLAY_OPTIONS, Bool
CYGNUM_IO_SERIAL_I386_PC_SERIAL0_INT, Number
CYGBLD_LINKER_SCRIPT, String
CYGHWR_NET_DRIVER_ETH0, Bool
CYGDBG_KERNEL_INSTRUMENT_MSGS, Bool
CYGPKG_IO_WALLCLOCK_TESTS, String
CYGHWR_NET_DRIVER_ETH1_ADDRS_NETMASK, String
CYGPRI_KERNEL_SCHED_IMPL_HXX, String
CYGINT_ISO_MALLOC, Number
CYGPKG_COMPRESS_ZLIB, Bool
CYGNUM_VNC_SERVER_FRAME_WIDTH, String
CYGDAT_IO_SERIAL_I386_PC_SERIAL1_NAME, String
CYGPKG_KERNEL_THREADS, Bool
CYGPKG_LIBC_I18N_CFLAGS_REMOVE, String
CYGPKG_PPP_DEBUG_WARN_ONLY, Bool
CYGPKG_LIBC_SETJMP_CFLAGS_ADD, String
CYGNUM_IO_SERIAL_I386_PC_SERIAL1_INT, Number
CYGPKG_HTTPD_CFLAGS_REMOVE, String
CYGHWR_NET_DRIVER_ETH1_ADDRS_BROADCAST, String
CYGFUN_KERNEL_API_C, Bool
CYGPKG_POSIX_CLOCKS, Bool
CYGSEM_HAL_VIRTUAL_VECTOR_CLAIM_DATA, Bool
CYGPKG_IO_SERIAL_TTY_TTY0, Bool
CYGNUM_RAMFS_BLOCKS_DIRECT, Number
CYGFUN_KERNEL_THREADS_STACK_LIMIT, Bool
CYGPKG_IO_SERIAL_TERMIOS, Bool
CYGINT_ISO_C_CLOCK_FUNCS, Number
CYGINT_HAL_VIRTUAL_VECTOR_SUPPORT, Number
CYGOPT_FS_JFFS2_GCTHREAD, Bool
CYGNUM_HAL_VIRTUAL_VECTOR_DEBUG_CHANNEL_BAUD, Number
CYGPKG_INFRA_CFLAGS_ADD, String
CYGNUM_KERNEL_SCHED_PRIORITIES, Number
CYGPKG_MEMALLOC_ALLOCATOR_DLMALLOC, Bool
CYGNUM_PPP_PPPD_THREAD_PRIORITY, Number
CYGBLD_ISO_SSIZE_T_HEADER, String
CYGBLD_ISO_OPEN_MAX_HEADER, String
CYGPKG_IO_SERIAL_TERMIOS_TERMIOS3, Bool
CYGPKG_ISO_UNISTD, Bool
CYGOPT_NS_DNS_FIRST_FAMILY, String
CYGDAT_DEVS_WALLCLOCK_I386_PC_RTC_DATA_PORT, String
CYGNUM_NET_FAST_THREAD_TICKLE_DEVS_DELAY, String
CYGHWR_NET_DRIVER_ETH1_ADDRS, Bool
CYGNUM_LIBM_SIGNGAM_TRACE_LEVEL, Number
CYGPKG_NET_CLUSTERS_SIZE, String
CYGPKG_UITRON_MBOXES, Bool
CYGSEM_HAL_I386_PC_DIAG_SCREEN, Bool
CYGDBG_MEMALLOC_ALLOCATOR_DLMALLOC_DEBUG, Bool
CYGSEM_NET_TFTPD_MULTITHREADED, Bool
CYGPKG_IO_FLASH, Bool
CYGPKG_SNMPAGENT_CFLAGS_ADD, String
CYGINT_IO_SERIAL_TEST_SKIP_9600, Number
CYGPKG_LIBM_OPTIONS, Bool
CYGVAR_KERNEL_COUNTERS_CLOCK_LATENCY, Bool
CYGFUN_POSIX_MQUEUE_NOTIFY, Bool
CYGDBG_NET_SNMPLIB_DEBUG, Bool
CYGPKG_FS_JFFS2_TESTS, String
CYGNUM_HTTPD_SERVER_DELAY, String
CYGPKG_FS_RAM_SIMPLE, Bool
CYGDBG_NET_TIMING_STATS, Bool
CYGNUM_KERNEL_THREADS_DATA_ERRNO, Number
CYGPKG_FS_FAT_TESTS, String
CYGNUM_VNC_SERVER_FRAME_HEIGHT, String
CYGPKG_PPP_CFLAGS_ADD, String
CYGPKG_ERROR_CFLAGS_REMOVE, String
CYGINT_IO_SERIAL_TEST_SKIP_14400, Number
CYGPKG_HAL_I386_PCMB_SMP_SUPPORT, Bool
CYGPKG_IO_WATCHDOG_CFLAGS_REMOVE, String
CYGNUM_UITRON_VER_ID, Number
CYGBLD_ISO_POSIX_TIMERS_HEADER, String
CYGPKG_ISO_DLFCN, Bool
CYGPKG_ISO_UTSNAME, Bool
CYGFUN_LIBC_STDIO_LONGLONG, Bool
CYGBLD_ISO_LINK_MAX_HEADER, String
CYGNUM_HAL_DEBUG_GDB_PROTOCOL_TIMEOUT, String
CYGPKG_INFRA_OPTIONS, Bool
CYGPKG_IO_FILEIO_INODE, Bool
CYGPKG_VNC_SERVER_TESTS, String
CYGNUM_KERNEL_COUNTERS_CLOCK_ISR_PRIORITY, String
CYGPKG_FS_JFFS2_RET_DIRENT_DTYPE, Bool
CYGNUM_LIBM_COMPAT_DEFAULT, String
CYGNUM_IO_SERIAL_I386_PC_SERIAL0_BAUD, String
CYGIMP_LIBC_TIME_LOCALTIME_INLINE, Bool
CYGINT_UITRON_CONFORMANCE, Number
CYGPKG_INFRA_DEBUG, Bool
CYGPKG_HAL_ROM_MONITOR, Bool
CYGINT_MEMALLOC_MALLOC_ALLOCATORS, Number
CYGNUM_FS_JFFS2_RAW_NODE_REF_CACHE_POOL_SIZE, String
CYGNUM_FILEIO_MTAB_EXTRA, Number
CYGINT_ISO_TERMIOS, Number
PPP_INHIBIT_OLD_VJ_COMPRESSION, Bool
CYGPKG_DEVS_DISK_TESTING, Bool
CYGOPT_NET_DHCP_DHCP_THREAD_PARAM, String
CYGPKG_KERNEL_SMP_SUPPORT, Bool
CYGPKG_CRC_TESTS, String
CYGDBG_KERNEL_INSTRUMENT_FLAGS, Bool
CYGINT_ISO_STRING_STRFUNCS, Number
CYGIMP_LIBC_STRING_PREFER_SMALL_TO_FAST, Bool
CYGDBG_IO_ETH_DRIVERS_DEBUG_VERBOSITY, String
CYGINT_IO_FILEIO_FS, Number
CYGNUM_SNMPAGENT_TESTS_ITERATIONS, String
CYGINT_ISO_PMUTEXTYPES, Number
CYGPKG_NET_OPTIONS, Bool
CYGPKG_POSIX_SCHED, Bool
CYGPKG_LIBC_TIME_ZONES, Bool
CYGIMP_BLOCK_LIB_STATISTICS, Bool
CYGSEM_LIBC_STDIO_THREAD_SAFE_STREAMS, Bool
CYGINT_ISO_NETDB_SERV, Bool
CYGBLD_ISO_POSIX_TIMER_OPS_HEADER, String
CYGPKG_IO_DISK_DEVICES, Bool
CYGNUM_IO_FLASH_BLOCK_OFFSET_1, Number
CYGNUM_KERNEL_INTERRUPTS_DSRS_TABLE_SIZE, Number
CYGPKG_NET_CFLAGS_REMOVE, String
CYGSEM_UITRON_BAD_PARAMS_RETURN_ERRORS, Bool
CYGDBG_INFRA_DEBUG_TRACE_ASSERT_NULL, Bool
CYGSEM_LIBM_THREAD_SAFE_GAMMA_FUNCTIONS, Bool
CYGIMP_LIBC_TIME_LOCALTIME_R_INLINE, Bool
CYGNUM_IO_FLASH_BLOCK_LENGTH_1, String
CYGBLD_ISO_SCHED_IMPL_HEADER, String
CYGNUM_POSIX_PTHREAD_KEYS_MAX, Number
CYGPKG_HTTPD_MONITOR, Bool
CYGPKG_LIBC_STDLIB, Bool
CYGPKG_REDBOOT_I386_LINUX_EXEC, Bool
CYGINT_ISO_DLFCN, Number
CYGINT_DEVS_ETH_AMD_LANCEPCI_REQUIRED, Number
CYGINT_ISO_NETDB_PROTO, Bool
CYGNUM_NET_SNTP_UNICAST_MAXDHCP, Number
CYGPKG_NET_FAST_THREAD, Bool
CYGBLD_ISO_STDIO_FILETYPES_HEADER, String
CYGHWR_IO_FLASH_DEVICE_NEEDS_CACHE_HANDLED, Number
CYGDBG_HAL_COMMON_INTERRUPTS_SAVE_MINIMUM_CONTEXT, Bool
CYGDAT_UITRON_MEMPOOLFIXED_EXTERNS, String
CYGNUM_ISO_MQUEUE_OPEN_MAX, String
CYGINT_IO_FLASH_BLOCK_CFG_2, Number
CYGPKG_IO_FILEIO_SOCKET_SUPPORT, Bool
CYGNUM_LIBC_TIME_DST_DEFAULT_OFFSET, Number
CYGOPT_NET_DHCP_PARM_REQ_LIST_REPLACE, String
CYGPKG_NET_FAST_THREAD_TICKLE_DEVS, Bool
CYGDAT_IO_FLASH_BLOCK_DEVICE_NAME_1, String
CYGSEM_IO_FLASH_VERIFY_PROGRAM, Bool
CYGFUN_IO_FLASH_BLOCK_FROM_DEVOFFSET, Bool
CYGHWR_NET_DRIVER_ETH0_ADDRS_IP, String
CYGPKG_UITRON_OPTIONS, Bool
CYGPKG_VNC_SERVER, Bool
CYGPKG_ERROR_CFLAGS_ADD, String
CYGSEM_LIBC_STARTUP_MAIN_INITCONTEXT, Bool
CYGINT_ISO_PTHREAD_IMPL, Number
CYGPKG_HAL_COMMON_INTERRUPTS, Bool
CYGPKG_PPP_PAP, Bool
CYGDBG_USE_TRACING, Bool
CYGBLD_PPP_WINDOWS_TELNET_APP, Bool
CYGINT_NET_IPV6_ROUTING_THREAD_PRIORITY, String
CYGNUM_RAMFS_BLOCK_SIZE, Number
CYGNUM_HAL_COMMON_INTERRUPTS_STACK_SIZE, Number
CYGDBG_KERNEL_INSTRUMENT_ALARM, Bool
CYGPKG_LIBM_TRACE, Bool
CYGPKG_LIBC_STDIO_CFLAGS_ADD, String
CYGINT_ISO_STDLIB_MULTIBYTE, Number
CYGPKG_ERROR, Bool
CYGNUM_PPP_CHAT_ABORTS_MAX, Number
CYGNUM_JFFS2_GC_THREAD_STACK_SIZE, Number
CYGFUN_KERNEL_THREADS_TIMER, Bool
CYGHWR_NET_DRIVER_ETH0_DHCP, Bool
CYGPKG_PPP_CHAT, Bool
CYGNUM_LIBC_STDIO_BUFSIZE, Number
CYGINT_ISO_BSDTYPES, Number
CYGBLD_ISO_SELECT_HEADER, String
CYGSEM_HAL_I386_PC_LARGE_PCI_SPACE, Bool
CYGPKG_LIBC_STARTUP_OPTIONS, Bool
CYGNUM_UITRON_SEMAS, Number
CYGPKG_LIBC_STARTUP_TESTS, String
CYGPKG_POSIX, Bool
CYGDAT_IO_SERIAL_TTY_TTY2_DEV, String
CYGIMP_LIBC_STDLIB_INLINE_ABS, Bool
CYGNUM_LINUX_COMPAT_PAGE_SIZE_EXPONENT, Number
CYGPKG_IO_WATCHDOG, Bool
CYGINT_ISO_POSIX_TIMER_OPS, Number
CYGNUM_VNC_SERVER_PIXEL_RGB555, Bool
CYGPKG_VNC_SERVER_ENCODING_OPTIONS, Bool
CYGPKG_WALLCLOCK_EMULATE, Bool
CYGPKG_ISO_SIGNAL, Bool
CYGNUM_UITRON_VER_PRVER, Number
CYGDBG_HAL_DEBUG_GDB_INCLUDE_STUBS, Bool
CYGSEM_KERNEL_THREADS_DESTRUCTORS_PER_THREAD, Bool
CYGPKG_SNMPLIB_PERSISTENT_FILESYSTEM, Bool
CYGPKG_MEMALLOC, Bool
CYGSEM_DEVS_ETH_I386_PC_LANCEPCI_ETH0_SET_ESA, Bool
CYGDAT_DEVS_DISK_TEST_DEVICE, String
CYGPKG_IO_FLASH_BLOCK_DEVICE_LEGACY, Bool
CYGPKG_UITRON_FLAGS_CREATE_DELETE, Bool
CYGSEM_LIBM_THREAD_SAFE_COMPAT_MODE, Bool
CYGPKG_NET_MAXSOCKETS, String
CYGNUM_VNC_SERVER_USE_CORRE_ENCODING, Bool
CYGPKG_NET_THREAD_PRIORITY, String
CYGIMP_LIBC_TIME_MKTIME_INLINE, Bool
CYGDBG_INFRA_DEBUG_TRACE_BUFFER_WRAP, Bool
CYGDAT_DEVS_DISK_TEST_DEVICE2, String
CYGOPT_FS_JFFS2_COMPRESS_CMODE, String
CYGINT_ISO_STDIO_CHAR_IO, Number
CYGPKG_IO_SERIAL_I386_PC_OPTIONS, Bool
CYGOPT_NET_DHCP_OPTION_HOST_NAME, Bool
CYGPKG_NET_FTPCLIENT_TESTS, String
CYGNUM_LIBC_TIME_CLOCK_TRACE_LEVEL, Number
CYGNUM_INFRA_EMPTY_DELETE_THRESHOLD, String
CYGDAT_UITRON_MEMPOOLVAR_INITIALIZERS, String
CYGPKG_ISOINFRA_OPTIONS, Bool
CYGNUM_KERNEL_SCHED_TIMESLICE_TICKS, Number
CYGBLD_ISO_NETDB_PROTO_HEADER, String
CYGSEM_HAL_VIRTUAL_VECTOR_CLAIM_RESET, Bool
CYGSEM_KERNEL_SCHED_MLQUEUE, Bool
CYGPKG_KERNEL_CFLAGS_ADD, String
CYGPKG_ISO_POSIX_TYPES, Bool
CYGIMP_LIBC_TIME_GMTIME_R_INLINE, Bool
CYGHWR_HAL_I386_PENTIUM_GDB_REGS, Bool
CYGPKG_NET_NGIF, String
CYGSEM_HAL_VIRTUAL_VECTOR_INHERIT_CONSOLE, Bool
CYGPKG_NET_MEMPOOL_SIZE, String
CYGSEM_KERNEL_SCHED_ASR_SUPPORT, Bool
CYGBLD_ISO_TIME_T_HEADER, String
CYGPKG_KERNEL_OPTIONS, Bool
CYGBLD_ISO_STRERROR_HEADER, String
CYGNUM_LIBC_STRING_STRTOK_TRACE_LEVEL, Number
CYGNUM_FS_FAT_NODE_HASH_TABLE_SIZE, Number
CYGHWR_IO_FLASH_INDIRECT_READS, Number
CYGNUM_FILEIO_IOVEC_MAX, Number
CYGPKG_IO_FLASH_TESTS, String
CYGPKG_ERROR_OPTIONS, Bool
CYGNUM_LIBC_QSORT_TRACE_LEVEL, Number
CYGBLD_MEMALLOC_MALLOC_EXTERNAL_JOIN_H, String
CYG_HAL_STARTUP, String
CYGNUM_POSIX_PTHREAD_THREADS_MAX, Number
CYGPKG_MEMALLOC_ALLOCATOR_FIXED, Bool
CYGBLD_IO_SERIAL_TERMIOS_TERMIOS_TTY, Bool
CYGPKG_IO_FILEIO_TESTS, String
CYGNUM_UITRON_VER_CPU, Number
CYGPKG_ISO_ERRNO, Bool
CYGPKG_NET_DRIVER_FRAMEWORK, Number
CYGNUM_KERNEL_THREADS_DATA_ALL, Number
CYGSEM_WALLCLOCK_SET_GET_MODE, Bool
CYGDAT_IO_FLASH_BLOCK_DEVICE_NAME_2, String
CYGSEM_NET_ROUTING, Bool
CYGPKG_LIBC_SETJMP, Bool
CYGSEM_HAL_STOP_CONSTRUCTORS_ON_FLAG, Bool
CYGIMP_HAL_COMMON_INTERRUPTS_USE_INTERRUPT_STACK, Bool
CYGINT_ISO_FCNTL, Number
CYGINT_IO_ETH_MULTICAST, Number
CYGPKG_LIBC_STRING_STRTOK, Bool
CYGPKG_DEVS_ETH_AMD_LANCEPCI, Bool
CYGHWR_NET_DRIVER_ETH1_SETUP_OPTIONS, Bool
CYGBLD_BUILD_REDBOOT_BIN_ROM, Bool
CYGBLD_BUILD_REDBOOT_BIN_FLOPPY, Bool
CYGBLD_BUILD_REDBOOT_BIN, Bool
CYGPKG_REDBOOT_HAL_OPTIONS, Bool
CYGBLD_BUILD_COMMON_GDB_STUBS, Bool
CYGBLD_GLOBAL_WARNFLAGS, String
CYGBLD_BUILD_GDB_STUBS, Bool
CYGBLD_GLOBAL_LDFLAGS, String
CYGBLD_GLOBAL_CFLAGS, String
CYGBLD_GLOBAL_COMMAND_PREFIX, String
CYGBLD_GLOBAL_OPTIONS, Bool
root, Bool